Workbook

Sheet Semana_1
A1: EMPRESA ELÉCTRICA REGIONAL DEL SUR S.A. | H1: ="Parte Nro: " & TEXT(MONTH(B13),"000") &"."&TEXT(_xlfn.SHEET(),"00") & "-2025-JZZ-GEOPE" -> Parte Nro: 012.01-2025-JZZ-GEOPE
A2: SUPERINTENDENCIA ADMINISTRATIVA Y DE SERVICIOS GENERALES
A3: JUSTIFICACIÓN DE ASISTENCIA
A5: Periodo: | B5: =IF(MONTH(B13)<>MONTH(B19),"Semana del "& TEXT(B13,"dddd, dd \d\e mmmm") & " al " & TEXT(B19,"dddd, dd \d\e mmmm"),"Semana del "& TEXT(B13,"dddd, dd") & " al " & TEXT(B19,"dddd, dd \d\e mmmm")) -> Semana del lunes, 01 al domingo, 07 de diciembre
A6: No Registro: | B6: No se registra marcación de Horario de Lunch
A7: Motivo: | B7: Por trabajos programados fuera del sector urbano
A8: Nombres: | B8: =_xlfn.TEXTJOIN(", ", TRUE, C12:H12) -> Mendieta Mendieta Henrry Alexander, Vera Sanchez Livio Stalin, Maldonado Rojas Pablo Arturo, Ambuludi Silva Fausto Joel, por contratar
A11: DIA | B11: FECHA | C11: GEOPE | F11: GECOM
C12: Mendieta Mendieta Henrry Alexander | D12: Vera Sanchez Livio Stalin | E12: Maldonado Rojas Pablo Arturo | F12: Ambuludi Silva Fausto Joel | G12: por contratar
A13: =IF(B13>0,UPPER(TEXT(B13,"dddd")),"") -> LUNES | B13: 45992 | C13: No se registra LUNCH (La Palmira) Mantenimiento de Red Aérea | D13: No se registra LUNCH (La Palmira) Mantenimiento de Red Aérea | E13: No se registra LUNCH (La Palmira) Mantenimiento de Red Aérea | F13: No se registra LUNCH (La Palmira) Mantenimiento de Red Aérea
A14: =IF(B14>0,UPPER(TEXT(B14,"dddd")),"") -> MARTES | B14: {=INDIRECT(ADDRESS(ROW()-1,COLUMN()))+1} -> 45993 | C14: Sin novedad | D14: COMISIÓN SUBSISTENCIA En Loja Se retira materiales para mtto. | E14: Sin novedad | F14: Sin novedad
A15: =IF(B15>0,UPPER(TEXT(B15,"dddd")),"") -> MIÉRCOLES | B15: {=INDIRECT(ADDRESS(ROW()-1,COLUMN()))+1} -> 45994 | C15: No se registra LUNCH (El Pangui) Atención de daños | D15: No se registra LUNCH (El Pangui) Actividades Comerciales | E15: No se registra LUNCH (El Pangui) Atención de daños | F15: No se registra LUNCH (El Pangui) Actividades Comerciales
A16: =IF(B16>0,UPPER(TEXT(B16,"dddd")),"") -> JUEVES | B16: {=INDIRECT(ADDRESS(ROW()-1,COLUMN()))+1} -> 45995 | C16: Sin novedad | D16: No se registra LUNCH (El Pangui) Actividades Comerciales | E16: Sin novedad | F16: No se registra LUNCH (El Pangui) Actividades Comerciales
A17: =IF(B17>0,UPPER(TEXT(B17,"dddd")),"") -> VIERNES | B17: {=INDIRECT(ADDRESS(ROW()-1,COLUMN()))+1} -> 45996 | C17: Sin novedad | D17: No se registra LUNCH (San Miguel) Actividades Comerciales | E17: Sin novedad | F17: No se registra LUNCH (San Miguel) Actividades Comerciales
A18: =IF(B18>0,UPPER(TEXT(B18,"dddd")),"") -> SÁBADO | B18: {=INDIRECT(ADDRESS(ROW()-1,COLUMN()))+1} -> 45997
A19: =IF(B19>0,UPPER(TEXT(B19,"dddd")),"") -> DOMINGO | B19: {=INDIRECT(ADDRESS(ROW()-1,COLUMN()))+1} -> 45998
H21: =_xlfn.TEXTJOIN(" ",TRUE,"Fecha de elaboracion:",TEXT(NOW(),"dddd, dd \d\e mmmm yyyy")) -> Fecha de elaboracion: martes, 16 de diciembre 2025

Sheet Semana_2
A1: EMPRESA ELÉCTRICA REGIONAL DEL SUR S.A. | H1: ="Parte Nro: " & TEXT(MONTH(B13),"000") &"."&TEXT(_xlfn.SHEET(),"00") & "-2025-JZZ-GEOPE" -> Parte Nro: 012.02-2025-JZZ-GEOPE
A2: SUPERINTENDENCIA ADMINISTRATIVA Y DE SERVICIOS GENERALES
A3: JUSTIFICACIÓN DE ASISTENCIA
A5: Periodo: | B5: =IF(MONTH(B13)<>MONTH(B19),"Semana del "& TEXT(B13,"dddd, dd \d\e mmmm") & " al " & TEXT(B19,"dddd, dd \d\e mmmm"),"Semana del "& TEXT(B13,"dddd, dd") & " al " & TEXT(B19,"dddd, dd \d\e mmmm")) -> Semana del lunes, 08 al domingo, 14 de diciembre
A6: No Registro: | B6: No se registra marcación de Horario de Lunch
A7: Motivo: | B7: Por trabajos programados fuera del sector urbano
A8: Nombres: | B8: =_xlfn.TEXTJOIN(", ", TRUE, C12:H12) -> Mendieta Mendieta Henrry Alexander, Vera Sanchez Livio Stalin, Maldonado Rojas Pablo Arturo, Ambuludi Silva Fausto Joel, por contratar
A11: DIA | B11: FECHA | C11: GEOPE | F11: GECOM
C12: =Semana_1!C12 -> Mendieta Mendieta Henrry Alexander | D12: =Semana_1!D12 -> Vera Sanchez Livio Stalin | E12: =Semana_1!E12 -> Maldonado Rojas Pablo Arturo | F12: =Semana_1!F12 -> Ambuludi Silva Fausto Joel | G12: =Semana_1!G12 -> por contratar
A13: =IF(B13>0,UPPER(TEXT(B13,"dddd")),"") -> LUNES | B13: =Semana_1!B19+1 -> 45999 | C13: No se registra LUNCH (Michanunka) Mantenimiento de Red Aérea | D13: No se registra LUNCH (Michanunka) Mantenimiento de Red Aérea | E13: fin contrato | F13: Sin novedad
A14: =IF(B14>0,UPPER(TEXT(B14,"dddd")),"") -> MARTES | B14: {=INDIRECT(ADDRESS(ROW()-1,COLUMN()))+1} -> 46000 | C14: Sin novedad | D14: Sin novedad | E14: fin contrato | F14: Sin novedad
A15: =IF(B15>0,UPPER(TEXT(B15,"dddd")),"") -> MIÉRCOLES | B15: {=INDIRECT(ADDRESS(ROW()-1,COLUMN()))+1} -> 46001 | C15: No se registra LUNCH (Tundayme) Mantenimiento de Red Aérea | D15: No se registra LUNCH (Tundayme) Mantenimiento de Red Aérea | E15: fin contrato | F15: Sin novedad
A16: =IF(B16>0,UPPER(TEXT(B16,"dddd")),"") -> JUEVES | B16: {=INDIRECT(ADDRESS(ROW()-1,COLUMN()))+1} -> 46002 | C16: No se registra LUNCH (Roldós) Mantenimiento de Red Aérea | D16: No se registra LUNCH (Roldós) Mantenimiento de Red Aérea | E16: fin contrato | F16: No se registra LUNCH (Roldós) Mantenimiento de Red Aérea
A17: =IF(B17>0,UPPER(TEXT(B17,"dddd")),"") -> VIERNES | B17: {=INDIRECT(ADDRESS(ROW()-1,COLUMN()))+1} -> 46003 | C17: No se registra LUNCH (Roldós) Actividades Comerciales | D17: No se registra LUNCH (Roldós) Actividades Comerciales | E17: fin contrato | F17: No se registra LUNCH (Roldós) Actividades Comerciales
A18: =IF(B18>0,UPPER(TEXT(B18,"dddd")),"") -> SÁBADO | B18: {=INDIRECT(ADDRESS(ROW()-1,COLUMN()))+1} -> 46004
A19: =IF(B19>0,UPPER(TEXT(B19,"dddd")),"") -> DOMINGO | B19: {=INDIRECT(ADDRESS(ROW()-1,COLUMN()))+1} -> 46005
H21: =_xlfn.TEXTJOIN(" ",TRUE,"Fecha de elaboracion:",TEXT(NOW(),"dddd, dd \d\e mmmm yyyy")) -> Fecha de elaboracion: martes, 16 de diciembre 2025

Sheet Semana_3
A1: EMPRESA ELÉCTRICA REGIONAL DEL SUR S.A. | H1: ="Parte Nro: " & TEXT(MONTH(B13),"000") &"."&TEXT(_xlfn.SHEET(),"00") & "-2025-JZZ-GEOPE" -> Parte Nro: 012.03-2025-JZZ-GEOPE
A2: SUPERINTENDENCIA ADMINISTRATIVA Y DE SERVICIOS GENERALES
A3: JUSTIFICACIÓN DE ASISTENCIA
A5: Periodo: | B5: =IF(MONTH(B13)<>MONTH(B19),"Semana del "& TEXT(B13,"dddd, dd \d\e mmmm") & " al " & TEXT(B19,"dddd, dd \d\e mmmm"),"Semana del "& TEXT(B13,"dddd, dd") & " al " & TEXT(B19,"dddd, dd \d\e mmmm")) -> Semana del lunes, 15 al domingo, 21 de diciembre
A6: No Registro: | B6: No se registra marcación de Horario de Lunch
A7: Motivo: | B7: Por trabajos programados fuera del sector urbano
A8: Nombres: | B8: =_xlfn.TEXTJOIN(", ", TRUE, C12:H12) -> Mendieta Mendieta Henrry Alexander, Vera Sanchez Livio Stalin, Maldonado Rojas Pablo Arturo, Ambuludi Silva Fausto Joel, por contratar
A11: DIA | B11: FECHA | C11: GEOPE | F11: GECOM
C12: =Semana_1!C12 -> Mendieta Mendieta Henrry Alexander | D12: =Semana_1!D12 -> Vera Sanchez Livio Stalin | E12: =Semana_1!E12 -> Maldonado Rojas Pablo Arturo | F12: =Semana_1!F12 -> Ambuludi Silva Fausto Joel | G12: =Semana_1!G12 -> por contratar
A13: =IF(B13>0,UPPER(TEXT(B13,"dddd")),"") -> LUNES | B13: =Semana_2!B19+1 -> 46006 | C13: Sin novedad | D13: Sin novedad | E13: PERMISO OFICIAL Energía Vital | F13: Sin novedad
A14: =IF(B14>0,UPPER(TEXT(B14,"dddd")),"") -> MARTES | B14: {=INDIRECT(ADDRESS(ROW()-1,COLUMN()))+1} -> 46007 | C14: No se registra LUNCH | D14: No se registra LUNCH | E14: No se registra LUNCH | F14: No se registra LUNCH
A15: =IF(B15>0,UPPER(TEXT(B15,"dddd")),"") -> MIÉRCOLES | B15: {=INDIRECT(ADDRESS(ROW()-1,COLUMN()))+1} -> 46008 | C15: No se registra LUNCH | D15: No se registra LUNCH | E15: No se registra LUNCH | F15: No se registra LUNCH
A16: =IF(B16>0,UPPER(TEXT(B16,"dddd")),"") -> JUEVES | B16: {=INDIRECT(ADDRESS(ROW()-1,COLUMN()))+1} -> 46009 | C16: Sin novedad | D16: Sin novedad | E16: Sin novedad | F16: Sin novedad
A17: =IF(B17>0,UPPER(TEXT(B17,"dddd")),"") -> VIERNES | B17: {=INDIRECT(ADDRESS(ROW()-1,COLUMN()))+1} -> 46010 | C17: Sin novedad | D17: Sin novedad | E17: Sin novedad | F17: Sin novedad
A18: =IF(B18>0,UPPER(TEXT(B18,"dddd")),"") -> SÁBADO | B18: {=INDIRECT(ADDRESS(ROW()-1,COLUMN()))+1} -> 46011
A19: =IF(B19>0,UPPER(TEXT(B19,"dddd")),"") -> DOMINGO | B19: {=INDIRECT(ADDRESS(ROW()-1,COLUMN()))+1} -> 46012
H21: =_xlfn.TEXTJOIN(" ",TRUE,"Fecha de elaboracion:",TEXT(NOW(),"dddd, dd \d\e mmmm yyyy")) -> Fecha de elaboracion: martes, 16 de diciembre 2025

Sheet Semana_4
A1: EMPRESA ELÉCTRICA REGIONAL DEL SUR S.A. | H1: ="Parte Nro: " & TEXT(MONTH(B13),"000") &"."&TEXT(_xlfn.SHEET(),"00") & "-2025-JZZ-GEOPE" -> Parte Nro: 012.04-2025-JZZ-GEOPE
A2: SUPERINTENDENCIA ADMINISTRATIVA Y DE SERVICIOS GENERALES
A3: JUSTIFICACIÓN DE ASISTENCIA
A5: Periodo: | B5: =IF(MONTH(B13)<>MONTH(B19),"Semana del "& TEXT(B13,"dddd, dd \d\e mmmm") & " al " & TEXT(B19,"dddd, dd \d\e mmmm"),"Semana del "& TEXT(B13,"dddd, dd") & " al " & TEXT(B19,"dddd, dd \d\e mmmm")) -> Semana del lunes, 22 al domingo, 28 de diciembre
A6: No Registro: | B6: No se registra marcación de Horario de Lunch
A7: Motivo: | B7: Por trabajos programados fuera del sector urbano
A8: Nombres: | B8: =_xlfn.TEXTJOIN(", ", TRUE, C12:H12) -> Mendieta Mendieta Henrry Alexander, Vera Sanchez Livio Stalin, Maldonado Rojas Pablo Arturo, Ambuludi Silva Fausto Joel, por contratar
A11: DIA | B11: FECHA | C11: GEOPE | F11: GECOM
C12: =Semana_1!C12 -> Mendieta Mendieta Henrry Alexander | D12: =Semana_1!D12 -> Vera Sanchez Livio Stalin | E12: =Semana_1!E12 -> Maldonado Rojas Pablo Arturo | F12: =Semana_1!F12 -> Ambuludi Silva Fausto Joel | G12: =Semana_1!G12 -> por contratar
A13: =IF(B13>0,UPPER(TEXT(B13,"dddd")),"") -> LUNES | B13: =Semana_3!B19+1 -> 46013 | C13: Sin novedad | D13: Sin novedad | E13: Sin novedad | F13: PERMISO PERSONAL CG-Web # 6635
A14: =IF(B14>0,UPPER(TEXT(B14,"dddd")),"") -> MARTES | B14: {=INDIRECT(ADDRESS(ROW()-1,COLUMN()))+1} -> 46014 | C14: No se registra LUNCH | D14: No se registra LUNCH | E14: No se registra LUNCH | F14: No se registra LUNCH
A15: =IF(B15>0,UPPER(TEXT(B15,"dddd")),"") -> MIÉRCOLES | B15: {=INDIRECT(ADDRESS(ROW()-1,COLUMN()))+1} -> 46015 | C15: No se registra LUNCH | D15: No se registra LUNCH | E15: No se registra LUNCH | F15: PERMISO OFICIAL Energía Vital
A16: =IF(B16>0,UPPER(TEXT(B16,"dddd")),"") -> JUEVES | B16: {=INDIRECT(ADDRESS(ROW()-1,COLUMN()))+1} -> 46016 | C16: No se registra LUNCH | D16: No se registra LUNCH | E16: No se registra LUNCH | F16: No se registra LUNCH
A17: =IF(B17>0,UPPER(TEXT(B17,"dddd")),"") -> VIERNES | B17: {=INDIRECT(ADDRESS(ROW()-1,COLUMN()))+1} -> 46017 | C17: Sin novedad | D17: COMISION Subsistencia | E17: Sin novedad | F17: Sin novedad
A18: =IF(B18>0,UPPER(TEXT(B18,"dddd")),"") -> SÁBADO | B18: {=INDIRECT(ADDRESS(ROW()-1,COLUMN()))+1} -> 46018
A19: =IF(B19>0,UPPER(TEXT(B19,"dddd")),"") -> DOMINGO | B19: {=INDIRECT(ADDRESS(ROW()-1,COLUMN()))+1} -> 46019
H21: =_xlfn.TEXTJOIN(" ",TRUE,"Fecha de elaboracion:",TEXT(NOW(),"dddd, dd \d\e mmmm yyyy")) -> Fecha de elaboracion: martes, 16 de diciembre 2025
